1.711986,-0.886328,-0.527333
1.594343,0.721849,2.150597
1.413972,-0.386986,0.440540
-1.986893,1.147869,-3.195367
-1.018097,-1.430079,0.604848
1.197966,0.745315,1.824162
-1.150339,-0.929673,0.156537
1.756879,-0.925848,-0.643867
0.809624,-1.481787,-0.475662
1.260143,-1.529640,-0.975432
0.064165,-1.859129,-0.055170
0.200314,1.386486,0.476710
-1.662406,-0.902974,0.505302
1.058772,0.432393,1.329561
-0.748812,0.515616,-1.066869
-0.181159,1.449425,-0.442745
-0.828240,1.030922,-1.590594
0.542697,0.961715,1.038366
-0.486954,0.899684,-0.906040
0.793704,-0.450044,0.355753
-1.894191,1.851653,-4.455547
0.854402,-1.181045,-0.254909
0.923229,-0.885267,-0.019750
-0.122858,1.439553,-0.299411
-0.207712,-0.847974,-0.030087
-0.778036,-1.691931,0.614501
-1.121978,-0.915575,0.126294
-1.308124,-1.747737,1.320557
-0.136843,-1.142415,0.019915
0.955082,1.690111,2.430556
-0.908061,0.288993,-1.050736
0.026903,-1.699566,-0.018823
-1.500502,1.539118,-3.306981
-0.103392,1.218440,-0.229184
-1.733677,0.379253,-1.644266
1.461248,1.468264,3.139504
-1.977110,0.086880,-1.090356
-0.523981,1.040168,-1.045359
-1.707124,-0.940294,0.614476
1.250571,-0.121775,0.796876
-0.187399,1.874235,-0.537533
-0.720437,-1.833112,0.660929
-0.431197,-1.386506,0.179898
-1.672433,0.271441,-1.448807
1.814302,0.317630,1.546776
0.588458,-0.705485,0.139931
0.284491,1.008978,0.567715
0.357139,1.211113,0.782132
0.201883,-1.207424,-0.043244
0.330905,-0.036257,0.312902
-1.336258,0.476663,-1.609567
1.267842,-1.459649,-0.896146
0.179783,0.934749,0.346869
-0.387930,-0.919815,-0.021449
-0.510878,0.166794,-0.574155
0.746641,0.236701,0.855908
-1.571900,1.271546,-2.998742
1.695439,-1.594829,-1.711692
-1.001922,-1.305275,0.465276
1.396621,1.641115,3.276885
-1.822905,-0.670322,0.253545
-1.230022,-0.121869,-0.792594
1.686362,-1.719307,-1.906044
-1.314884,-0.051883,-0.899213
0.096139,0.982005,0.190400
-0.249256,-1.435453,0.111112
-0.585553,1.928372,-1.681823
1.002889,-1.534623,-0.696027
1.232837,-0.756294,0.011046
1.125586,-1.949114,-1.291375
1.485081,-1.350759,-1.009657
-0.176998,0.647022,-0.290596
0.031478,-1.338409,-0.010658
-1.443526,-0.861862,0.252209
-1.790433,-1.133821,1.054054
-1.479580,-0.140812,-0.787500
-0.573960,0.347329,-0.742315
-0.876485,-1.864356,0.865585
-0.675559,1.020723,-1.314893
-0.976647,-0.381806,-0.455735
1.019898,-0.373275,0.471352
1.548497,1.672274,3.589262
-0.757881,0.943855,-1.402714
-0.987532,-1.441907,0.589260
-0.248476,0.409890,-0.347775
1.742364,-1.416394,-1.482555
0.849451,-0.098142,0.667551
-1.473163,1.890632,-3.780447
0.783076,-1.484565,-0.457064
1.623022,-1.587623,-1.578111
-1.629363,-0.673796,0.099573
1.751837,-1.867902,-2.288602
1.672829,0.446446,1.741628
-1.731793,0.274367,-1.462215
-0.164837,0.255938,-0.206280
0.948814,0.714476,1.490630
1.988910,-1.373324,-1.817561
1.251422,-0.355628,0.504391
1.133230,1.567117,2.681689
1.967993,-0.935833,-0.919563
-0.188247,1.771117,-0.520544
1.782954,-0.508505,0.070939
1.760838,-0.376435,0.319155
-0.500936,1.026478,-0.994446
-0.115153,-0.207206,-0.091038
-0.455524,-0.268784,-0.317495
-1.440729,-1.755851,1.538154
1.015973,0.258000,1.112114
0.687563,1.209342,1.466154
-1.079575,-1.064908,0.267891
-0.888365,-0.784300,-0.079297
1.042764,-0.503274,0.339004
-0.707245,0.545206,-1.035336
-1.253718,-1.574319,1.023602
0.788533,1.025781,1.518182
-0.814542,0.544165,-1.170656
-1.863694,-0.382724,-0.244131
0.311833,-0.986326,-0.000765
-0.607140,0.438198,-0.836569
0.359591,-1.383237,-0.145508
0.826328,-1.679883,-0.652686
1.878899,-1.190552,-1.284016
-0.985807,-1.198798,0.348066
1.965996,-0.853620,-0.755294
0.421169,1.962537,1.235387
1.800271,-1.830601,-2.321792
0.084736,0.405219,0.118972
0.809580,-0.656363,0.192619
-0.688366,-1.982864,0.729659
-1.859053,0.200229,-1.330977
-1.696452,-1.190075,1.026789
-0.666912,-1.718115,0.527269
-1.876561,1.707682,-4.158186
-0.259165,-1.180462,0.049661
0.833807,-1.962219,-0.895617
-1.019931,1.842999,-2.731803
1.590761,0.543701,1.864699
-1.627189,-0.727797,0.185852
-1.888270,-1.123236,1.170945
-1.898264,-1.495345,1.891699
0.532858,-1.598229,-0.343632
-1.376948,1.611232,-3.199852
-0.658190,-0.668012,-0.172007
-1.653842,1.183722,-2.954243
0.705509,0.188531,0.781432
0.471651,-1.598477,-0.299566
-0.958776,0.334566,-1.139263
1.808928,1.268528,3.266456
0.562905,0.075274,0.576018
-1.939471,1.562865,-3.963938
-1.732584,-1.483676,1.583651
0.772287,1.248576,1.662034
1.146203,-0.190384,0.692988
-1.291777,-1.858791,1.439817
1.405518,1.910790,3.672023
-1.023458,1.464305,-2.352568
-0.389876,-0.754625,-0.085864
0.020617,-1.967327,-0.019945
-0.229142,-1.201780,0.048236
0.849829,0.010286,0.759908
1.475411,1.586593,3.336330
-0.732964,-0.878465,-0.025192
1.756522,0.015990,1.010890
-1.613938,-1.816459,1.932583
1.961702,0.316655,1.545746
-1.782028,0.045022,-1.058003
0.016418,-0.258449,0.012174
1.805122,1.795088,4.213024
-1.500129,-1.393117,1.092352
-0.370046,1.336106,-0.856078
0.495010,0.919321,0.930114
0.304234,-1.159772,-0.053280
1.271062,-1.943916,-1.515422
0.793937,-1.222642,-0.257582
-0.115634,1.900533,-0.335143
0.156143,-1.772205,-0.121208
-0.284881,0.641068,-0.463671
-1.773173,-0.989385,0.774760
-1.926655,0.160273,-1.246138
-0.474090,0.014760,-0.463526
-0.816653,0.627228,-1.241086
-1.307655,1.626608,-3.092621
1.840326,-0.028025,0.912320
-0.138439,1.438467,-0.337138
-0.840649,1.212423,-1.764298
-0.850770,0.879859,-1.500345
-0.663955,0.410407,-0.888728
1.703473,-1.782701,-2.045571
1.229019,0.167382,1.147876
-0.483729,-0.598898,-0.175379
-1.722352,-0.966485,0.676090
0.492548,-1.609640,-0.319953
0.677629,1.849013,1.879894
1.923104,1.556965,3.932785
1.226443,-1.288187,-0.638594
1.880624,-1.189107,-1.283877
1.476199,1.511495,3.226796
0.487633,0.085227,0.510096
-1.198299,0.077873,-1.024737
-0.837520,-1.496477,0.510344
-1.487235,1.204684,-2.788159
1.689614,-1.432525,-1.427464
-1.946956,-0.945469,0.910704
-1.462244,-1.245494,0.827102
0.333308,-0.310824,0.223571
-0.283084,-1.177549,0.054027
0.658355,-0.841959,0.057508
-0.403412,-0.146344,-0.333522
1.617698,-1.014577,-0.642379
0.874664,-0.762525,0.100375
1.577705,-0.423682,0.331531
0.020647,1.508861,0.051799
0.691044,-1.622565,-0.483921
-1.452657,1.962930,-3.844492
-1.883579,-0.796512,0.548813
1.835577,-1.939576,-2.595092
-1.354408,-1.146543,0.576208
-1.654437,-0.112155,-0.810952
0.369752,-0.726714,0.092680
-1.565401,1.243824,-2.947070
1.217886,0.248400,1.240893
-1.449032,0.167645,-1.235519
0.518096,-0.286831,0.346621
1.455454,-0.439818,0.353220
0.043548,-1.543427,-0.023679
0.254203,1.065792,0.522402
0.925033,-0.972077,-0.100562
1.967465,0.879737,2.653204
-0.304990,-0.340366,-0.196476
1.117301,-1.297271,-0.550521
0.558510,0.875358,1.018819
0.065360,1.492794,0.162883
-0.125456,-0.140429,-0.107510
-0.861281,1.677487,-2.203466
-0.734921,0.781085,-1.244564
-0.362588,1.741697,-0.986214
1.791837,-1.879859,-2.392732
1.978134,0.419744,1.748489
-1.704586,-0.011877,-0.970819
-1.802112,0.195575,-1.325814
-1.258182,-0.528239,-0.286912
-0.781200,0.408848,-1.023524
1.289448,1.746147,3.212247
-0.684568,0.278760,-0.823168
-1.976403,-0.511346,0.091763
1.842815,-1.524646,-1.846410
1.479311,0.610021,1.898229
-0.824425,1.112644,-1.651449
-0.842875,1.579260,-2.077677
-1.668963,-1.524028,1.548361
1.000049,-0.203287,0.638201
-1.410147,0.053736,-1.062899
-0.812124,0.197261,-0.885950
0.974856,1.427357,2.219088
-1.763999,0.369419,-1.633049
1.934663,-0.160810,0.623414
1.078266,-1.610957,-0.855901
1.494032,0.328211,1.487413
1.553053,1.148472,2.783480
1.476959,-1.770816,-1.619823
0.862096,-1.212076,-0.285718
-0.936759,-0.700868,-0.149098
0.365259,0.511444,0.544000
1.725770,-1.949126,-2.375729
-1.226246,-0.551990,-0.264352
1.272027,0.199635,1.209641
0.047962,1.040744,0.097861
0.620237,-0.840577,0.059871
-1.651534,-0.150773,-0.747736
1.520666,0.392564,1.595703
-1.786844,-0.239692,-0.548461
-0.461552,0.329700,-0.597511
0.348507,1.805328,0.970664
-0.647625,-0.367618,-0.365215
0.454056,1.545562,1.140385
0.824576,-0.116458,0.638231
1.258264,-0.058776,0.877603
1.854092,-0.870002,-0.652924
-1.490432,1.321600,-2.966527
-0.810804,1.389585,-1.851522
0.437619,0.035837,0.439467
-1.651873,1.145262,-2.888542
-1.736302,1.860605,-4.216907
1.507898,-0.788126,-0.190391
-1.488535,1.542698,-3.292979
-0.080598,-1.500505,0.040427
-0.005911,-1.012723,0.000075
-0.368658,0.560964,-0.567168
1.661459,1.203719,2.995823
-1.355964,-0.090657,-0.854084
-0.032288,1.957931,-0.095500
-1.652409,0.043071,-1.067842
1.657452,-0.404603,0.325637
-0.953129,0.223734,-1.028479
-0.719646,1.708317,-1.888503
-1.660805,-1.173168,0.952452
-1.664516,0.847557,-2.406383
-0.827433,1.600676,-2.060648
1.574526,1.745547,3.748401
-0.975486,-1.997373,1.120435
-0.449578,1.850252,-1.266419
1.054968,-1.761360,-0.988294
0.810289,1.668254,2.076254
1.870880,0.863955,2.571667
1.451982,1.366808,2.977531
-0.566649,-1.603825,0.371998
0.909857,-1.452347,-0.532012
-0.463205,1.982944,-1.365327
0.239142,0.086960,0.257665
1.791520,-0.863840,-0.571847
1.997724,1.647919,4.202330
-0.544384,-0.691041,-0.141700
-1.493747,1.662560,-3.480477
-1.256760,-1.964085,1.517290
1.560306,0.392461,1.612304
0.687395,0.932565,1.275566
-1.829354,-1.632580,2.019806
-0.000652,-1.798956,0.000521
0.017286,0.945355,0.033627
0.629637,0.466591,0.882634
-1.814377,-1.053380,0.940749
1.589979,-1.507118,-1.396470
0.132895,-1.799806,-0.106681
1.756810,-1.313746,-1.325254
-0.359912,0.187125,-0.419541
0.874607,1.749809,2.297687
0.945453,-0.610527,0.233538
-1.698642,0.829620,-2.401067
1.890041,-1.931936,-2.701966
1.098718,-1.295432,-0.532690
-0.160185,0.090547,-0.174005
0.457705,1.958147,1.338144
0.749608,-0.430450,0.358683
0.860083,-0.133075,0.643441
-0.347520,-0.537387,-0.153814
-0.026376,-0.875271,-0.003287
-1.031599,-1.406133,0.592444
-0.239102,-0.826955,-0.039104
1.347766,1.391577,2.850751
-0.624493,0.476568,-0.882300
1.609163,-0.563352,0.092738
0.218863,-0.225766,0.167708
0.601061,1.839083,1.670919
-1.445505,1.861541,-3.683029
0.662934,1.183482,1.400003
0.540487,1.481268,1.315160
-0.695045,0.832191,-1.218830
-0.943548,0.034629,-0.842320
0.725962,-1.195503,-0.204034
-1.755362,1.163792,-3.025893
1.235785,0.662659,1.763311
-0.714274,0.632692,-1.106984
-1.664478,0.650039,-2.077590
0.304794,0.468817,0.442990
-0.212063,-1.099367,0.022658
0.903509,-0.143479,0.655869
0.981520,-0.543280,0.298103
-1.648843,0.169830,-1.276980
0.491045,1.687108,1.299995
1.551019,-1.771403,-1.747676
1.087362,-0.954549,-0.152536
0.788794,-0.482072,0.329248
-0.711687,-0.046865,-0.619759
0.122125,0.777933,0.216826
0.551534,0.713022,0.917250
-0.463693,0.709362,-0.776180
-0.618451,0.430133,-0.845790
-0.161868,0.251194,-0.201823
-1.929847,-0.004854,-0.926863
-1.120128,-0.456750,-0.388538
-1.704917,0.627604,-2.061033
1.574087,-0.581611,0.084488
-1.579729,0.481071,-1.759922
-1.491854,1.566485,-3.333853
-1.510173,-0.552518,-0.163765
-0.021361,-1.528509,0.011291
-0.725010,-0.898884,-0.011443
0.853202,1.945094,2.412947
-0.548651,1.162878,-1.159550
-1.438636,0.319655,-1.451147
-0.269147,-0.847265,-0.037870
1.286841,0.985687,2.228378
-1.464012,-0.830371,0.221370
1.278020,1.969726,3.474795
0.446260,1.486795,1.095091
1.936886,0.962182,2.797371
0.578929,-1.115044,-0.098403
-0.518302,0.494219,-0.751560
1.705605,-0.792611,-0.360955
-0.419164,-1.911052,0.394047
0.786908,-0.225719,0.530553
1.190927,-1.065380,-0.340077
0.638585,0.692370,1.038197
-0.142703,-1.245577,0.035529
-0.388404,0.980172,-0.759414
-1.243258,-1.639836,1.091901
-0.148870,-1.061915,0.009767
1.202204,1.268984,2.458414
1.781122,1.359049,3.398595
0.589775,-1.251792,-0.182102
