1.292026,0.912377,0.987466,3.464632
0.789735,1.320093,-0.808626,1.837585
0.689803,0.069196,-0.648625,0.207730
-0.692642,-1.378128,-0.033859,2.378952
-0.525130,-0.313935,1.406672,3.157733
0.726048,0.720993,1.936184,8.305362
-1.128699,0.031582,-1.629925,-3.055193
-0.428835,1.801406,-1.656319,-1.114968
1.030891,1.461737,0.035785,3.199456
1.190443,-0.235817,-0.586583,1.270933
0.022923,-1.221027,-0.770055,1.034802
-0.778495,1.953635,-0.659348,4.136099
-1.084526,1.759068,-1.445671,1.249118
1.863205,1.413246,0.588234,5.672336
-0.288768,-1.211039,-1.575187,-2.358377
-1.585299,-0.603432,-0.371406,2.826069
1.694841,0.144910,1.962523,10.452136
0.883553,-1.414822,0.214269,2.792223
-1.362518,-1.843190,1.775149,10.847568
-0.648584,-1.241656,-1.592833,-2.078836
0.608563,-0.155404,-1.953296,-7.058041
0.860725,-0.973283,1.122232,3.101472
-0.045577,0.142324,-0.171208,0.017315
0.703928,1.960181,1.191491,6.029322
-1.723593,-0.020791,-1.062850,1.770557
-1.590404,-1.219298,-1.007543,2.993274
1.838912,0.979459,1.411877,7.155367
0.795289,-0.737383,-0.435578,1.093578
-0.237274,-0.826370,-0.314230,0.708160
1.084747,-1.697186,-0.893701,3.343318
-0.083896,0.704899,0.583714,0.702805
0.899942,-1.578952,-1.276988,1.220600
-0.764079,-0.873249,1.022364,2.414984
1.973271,0.732459,-1.867814,-2.086004
-0.809622,1.212109,1.697360,7.014846
0.379649,-0.604710,-0.579527,0.315172
0.533757,1.456763,-0.636675,2.148975
-1.237208,-1.988838,-1.450117,2.436799
1.404751,0.498339,1.962549,9.780621
-1.722153,-0.535935,1.182837,4.907947
0.644825,-1.733317,-0.394240,3.358913
0.550530,0.751018,-0.193235,0.859896
-1.247330,1.863709,-0.133997,5.026837
0.869374,0.139309,-1.677227,-3.942976
-1.053228,-1.747899,-1.236889,2.272127
-1.199253,-0.340558,-0.713210,1.191400
-0.549787,1.267549,-1.914560,-5.108953
-1.586418,1.231212,0.135860,4.035113
-0.244442,-0.930731,0.169281,0.930863
-1.113746,1.433443,1.296159,5.472772
-0.712596,-1.902001,1.550671,7.854115
-0.805313,0.627502,1.432622,3.982610
1.193448,1.450004,-0.043462,3.526747
1.369171,-0.155376,-0.944729,1.055589
-0.076134,-0.658424,1.068587,1.659515
1.326835,-1.435331,-1.342293,1.402191
-0.465355,-0.146855,1.825286,6.319370
1.766768,1.868162,0.919022,7.387708
0.708909,-0.918435,-0.509382,1.213906
-1.989267,1.331821,-0.895660,5.012425
-1.682876,-0.737635,-0.707320,3.022303
0.895943,-1.977173,-1.079946,3.452404
1.585877,1.419504,0.516125,4.667487
0.235800,-1.109530,1.500390,4.664291
1.042886,0.051731,-1.355927,-1.402635
-1.136643,-0.482826,-0.675502,1.216846
-1.755776,-0.374495,-0.205131,3.214363
-0.851681,-0.462788,-0.670489,0.638111
-0.492657,0.476124,-0.010677,0.469404
-1.209642,1.181039,0.052746,2.858233
-0.166541,0.853371,1.008552,1.781853
1.396238,1.244987,0.676061,3.808471
0.884517,-1.371493,0.797013,3.169649
-0.982169,-0.968657,-1.519473,-1.605204
-0.412364,-1.920489,0.627918,4.105899
0.992411,1.102198,-1.484552,-1.072077
0.564346,1.353173,-1.856121,-4.245121
-1.226525,-0.928897,-0.152062,2.363697
-1.311339,0.155488,-0.624193,1.500591
0.620442,0.125298,0.745192,0.814461
-1.014636,0.828275,0.938546,2.542261
0.887870,-1.726200,1.784601,9.451680
0.307455,-0.910724,-0.263454,0.905661
0.070406,0.071079,-1.008166,-1.014690
-0.940143,-0.545648,1.123699,2.600496
-0.250224,-1.845475,-0.191161,3.461404
-1.194550,-1.950350,1.908120,12.178133
-0.825118,0.149986,-0.567201,0.520838
-1.786373,1.603536,1.742630,11.054401
-1.254269,-0.328012,-0.505437,1.551661
-1.331132,0.646643,1.127984,3.625248
1.038792,0.701008,-1.930038,-5.618985
-1.081610,0.058405,0.811362,1.707419
-0.454305,-0.202933,1.362877,2.779026
-1.905812,-0.925644,-0.840259,3.895684
1.971130,-1.089856,-1.811547,-0.871821
-0.334143,0.598115,-1.386331,-2.195012
1.358779,-1.214175,0.817117,3.866075
-1.352768,1.526901,-1.194718,2.456124
0.925436,1.354776,-0.980214,1.750040
-1.628696,0.344565,-0.003916,2.771375
-0.082721,1.125338,-0.147561,1.270014
-0.011874,-0.050943,-0.181647,-0.003257
-0.377088,-1.356383,-0.818758,1.433104
-0.940434,-1.007279,1.131299,3.346905
-1.543849,-1.178319,0.105655,3.773083
-0.749834,-1.039349,-0.506468,1.512583
0.008085,0.697340,1.888888,7.225713
1.410555,-0.280030,-0.193452,2.060843
-0.337147,-1.044265,1.807062,7.105067
-1.725361,-1.180211,0.647925,4.641771
0.358250,-0.885411,1.747818,6.251653
-0.362180,0.385014,-1.635895,-4.098491
1.563555,-1.587986,-0.423813,4.890280
1.542297,1.779976,1.615903,9.766344
1.310373,-1.066797,-1.872584,-3.711215
-0.192762,-1.747282,1.842137,9.341384
-1.967250,-0.698078,-1.186831,2.685655
-1.945236,-0.003688,-1.695801,-1.092725
1.599757,0.750512,-0.519997,2.981883
1.366256,1.187431,-0.694236,2.942052
1.388913,1.717591,0.479567,4.989491
-0.592868,1.602344,1.771466,8.478021
-0.610864,-1.654832,1.471240,6.296197
0.659173,-1.072009,0.267709,1.602899
-0.767225,1.676754,-0.631541,3.148251
-1.214968,-1.827163,-0.629932,4.564707
1.957789,-1.126641,-0.167795,5.097535
1.888426,-1.973143,-0.819747,6.908590
1.284736,-1.617073,1.713185,9.293672
1.338230,-1.427793,0.369384,3.879853
0.221993,0.774774,-0.772639,0.188313
-0.463382,-1.036796,-0.832402,0.712903
-1.297085,1.617612,1.549697,8.020787
-0.559934,0.772872,-0.038898,0.910798
-0.876869,-0.601583,1.860623,7.572123
-0.634154,0.314666,1.780410,6.144816
-0.809625,1.235760,-1.543677,-1.495892
0.933322,1.226751,1.349775,4.835154
1.900212,0.843755,1.908844,11.277958
-0.886587,0.086244,-1.143703,-0.702555
-1.665885,-0.244255,0.878721,3.513339
1.113787,-1.932046,1.768876,10.508003
-1.011066,-0.831199,1.329648,4.063916
1.576859,0.945747,-0.668734,3.081863
-0.148630,1.338420,-0.570766,1.627519
1.221224,1.128038,-0.125314,2.761890
1.586220,-0.461921,0.999661,3.728450
0.558995,-0.674997,0.127136,0.770152
0.424160,0.147304,-1.557124,-3.573846
1.965802,1.866418,-1.850102,1.015223
1.777119,0.125955,-1.497182,-0.181997
1.282276,-0.268140,0.852763,2.336264
1.308893,0.152159,-1.801339,-4.108669
1.289883,0.776153,1.640566,6.681723
-0.919452,1.140685,1.492471,5.470985
-0.579796,-0.359248,-0.664050,0.172401
-1.977090,-1.073770,-0.673855,4.755883
-1.566385,1.062225,-0.292190,3.556938
0.272857,-0.861574,-0.558607,0.642451
1.013536,-0.120728,0.386088,1.099383
-0.309278,0.228139,1.589433,4.163082
-0.930393,0.076248,0.748904,1.291474
-1.652842,1.848030,-0.004969,6.147103
-1.018651,1.041723,1.262324,4.134301
0.522479,1.664651,-1.644357,-1.402148
0.110394,0.971560,1.667273,5.590797
0.565787,0.409247,-0.447088,0.398231
0.286440,0.219188,1.620100,4.382406
1.308405,0.948782,1.695139,7.483089
-1.735350,1.078470,-0.145533,4.171455
1.007219,-0.815290,-0.130647,1.676958
1.298363,-1.859279,-0.835494,4.559449
-0.046153,1.406009,-0.919867,1.200640
1.292298,-1.021822,-0.787396,2.225974
0.215272,0.615621,1.520280,3.939080
1.517868,-0.999353,0.982409,4.250779
0.539972,-0.455426,1.104167,1.845168
1.590077,-0.083222,1.664421,7.146216
-1.489517,-1.335237,1.056804,5.181796
-0.777793,0.341463,-0.011716,0.721558
-1.416858,1.016935,0.965730,3.942317
-1.419186,-0.960913,1.202339,4.675568
1.648924,1.480360,0.007448,4.910417
-0.530418,-0.218992,-1.294446,-1.839660
-0.016045,-1.076450,-1.352201,-1.313429
-0.477509,-1.744258,-0.118583,3.268784
0.784547,0.605626,1.901035,7.852511
1.543178,0.535007,1.590491,6.691033
-0.222213,1.195496,-0.862082,0.837904
0.106811,1.919472,0.395199,3.757504
0.027165,1.149230,-0.750571,0.898629
1.324176,-1.925817,-1.046975,4.314566
-1.291011,-0.970598,1.782126,8.268755
-1.904420,-0.805020,0.297563,4.301219
0.812358,1.095136,-0.466855,1.757495
-1.119305,1.409410,-1.511631,-0.214841
-1.739912,-1.073681,-0.029652,4.180060
1.768635,0.915408,0.255889,3.982797
0.084876,0.773670,0.505867,0.735220
-0.654755,-1.629080,-1.196312,1.370488
1.130834,0.537813,1.188710,3.247714
-1.822036,1.603279,-0.470993,5.785836
1.704670,0.378075,0.189251,3.055618
1.272309,0.501725,0.698287,2.210987
-1.369594,0.417828,-0.574002,1.861247
-1.697649,-1.467236,-0.080803,5.034266
-0.949981,1.061291,-1.510406,-1.416926
-1.944724,1.987919,-0.748112,7.315076
0.039159,-1.159812,-1.164805,-0.233677
-0.390786,1.159196,-1.843990,-4.773672
1.349216,1.961070,0.236649,5.679430
-0.559955,-1.064257,-1.268196,-0.593474
-0.706657,1.406629,-1.986977,-5.366775
1.143914,0.669725,-1.923936,-5.364432
-1.721809,0.940249,0.692684,4.181051
-0.746029,1.445160,-1.159372,1.086687
-0.292365,-1.539983,0.582778,2.654952
-1.651906,-1.282072,1.065401,5.581817
0.000955,0.647470,0.935813,1.238753
0.426204,-1.208961,0.793979,2.143762
-1.536249,-0.920751,-0.207452,3.198914
-1.542236,-1.576037,0.609080,5.088341
0.967830,-0.517237,-0.440582,1.118706
-1.169596,0.086511,0.321474,1.408662
1.734426,-1.837680,1.634900,10.755222
1.962591,-0.614864,0.903232,4.966701
1.299379,0.604506,-0.844382,1.451785
0.491626,1.507635,-1.571810,-1.368633
-0.080107,-1.909418,1.379841,6.279458
1.113960,-1.815865,0.983245,5.488846
0.766228,-1.494995,0.100674,2.823136
0.757439,-0.658058,0.015593,1.006758
1.903729,0.542727,0.007973,3.918738
-1.736010,-1.515314,1.403080,8.072061
0.970394,1.340379,0.312342,2.768753
0.304038,0.122310,0.940327,0.938849
-0.679158,-0.013176,-0.120929,0.459661
0.646549,-1.135157,-1.899703,-5.149176
-1.645758,-1.283031,1.428979,7.272636
0.867348,0.999884,-0.223084,1.740959
-1.588915,-0.138907,1.451947,5.604872
0.036620,0.527348,-0.503226,0.152001
-1.399653,0.506514,-0.060090,2.215369
-0.617495,-0.965922,0.783965,1.796131
-0.728354,0.303866,-0.961034,-0.264764
1.013646,-0.500200,-0.086024,1.277043
1.710317,0.873527,0.945327,4.533020
-0.642633,1.361350,-0.456966,2.170827
1.953223,1.583598,0.636499,6.580730
1.325856,0.176174,0.932345,2.599389
-1.500903,1.954343,1.200845,7.803816
-1.430230,-1.029542,0.299888,3.132487
1.051006,-1.404585,1.842551,9.332918
-0.616235,1.979898,1.010343,5.331093
-0.057913,-0.549198,-1.614046,-3.899851
-1.648398,0.517813,1.094084,4.294986
1.630168,-0.540043,1.750521,8.313257
-0.812499,1.759531,1.675342,8.458402
-1.380005,1.443176,0.814764,4.528044
0.809751,1.361650,0.146656,2.512940
0.027072,-0.531881,1.461001,3.402170
1.604393,-1.357821,1.088677,5.708072
-0.897955,-1.264571,-1.211166,0.628773
0.293222,-0.880919,-1.030885,-0.233547
-1.606016,-0.701152,1.096375,4.388786
-1.913605,-0.069359,0.411225,3.736237
-1.801523,-0.824111,1.625905,8.222831
1.977348,1.401229,-1.321208,3.567062
1.056627,-0.196537,-1.317423,-1.131434
-0.076460,1.691522,1.509011,6.303281
-0.433860,-1.746591,1.602213,7.351835
1.945142,0.045577,-1.098880,2.458714
0.175171,0.785094,-0.071171,0.646697
-0.589807,-1.008863,-0.812560,0.829181
-1.800717,-0.979703,1.812521,10.156950
-1.967610,0.909874,1.155652,6.242768
-0.381160,0.380963,-1.116470,-1.101270
0.672181,0.831303,0.938273,1.968908
-0.033093,1.881664,1.465262,6.687661
0.289832,0.729451,-0.900855,-0.114978
1.774512,0.580569,1.579696,7.427990
-0.845502,1.929525,-1.578224,0.506913
0.121396,-1.558110,-1.240849,0.531903
1.056603,-1.735620,-0.469159,4.025519
-1.233378,1.401086,-1.670498,-1.177370
-0.653692,1.424975,0.747656,2.875799
0.813313,1.964753,-1.906317,-2.405912
0.659273,0.979830,0.992696,2.372955
0.856086,-1.711150,-1.664246,-0.948571
1.091208,0.447082,-0.949304,0.535126
-1.962838,0.133832,-1.638305,-0.526635
0.993527,-0.637112,1.229914,3.253487
-1.617777,-0.024096,-1.600940,-1.485441
1.121440,0.239932,-1.061250,0.119963
1.851412,0.727980,-0.654632,3.677144
1.421330,-0.480071,1.769860,7.794563
-0.811537,1.937445,-1.750068,-0.947714
0.938283,-0.834396,-0.304391,1.548389
0.544742,-1.816680,-1.105842,2.244751
-1.583933,0.958582,-1.115033,2.041402
-0.006670,-0.685946,-1.055533,-0.705455
1.740711,0.029978,0.601881,3.249012
0.817532,1.284605,-0.947123,1.468960
-1.685621,-0.131017,-1.319975,0.558644
-1.918272,1.678737,0.506343,6.627746
-0.342541,-1.454220,1.044994,3.373237
0.132021,-1.302821,1.929087,8.893635
1.803259,1.708564,1.306597,8.401551
0.126336,-0.798198,0.606833,0.876545
-1.394606,0.467251,-1.735730,-3.066089
-1.945659,0.862065,-0.629157,4.279699
0.789004,1.119787,1.341215,4.289104
0.463317,1.386949,0.635479,2.394919
1.709122,1.587399,-1.826873,-0.656190
-0.929410,-0.444696,-0.991204,0.087714
-1.292435,1.493894,-1.899994,-2.956829
-1.272562,1.040972,-1.106757,1.347361
-0.966588,1.869887,1.050608,5.590406
-0.205340,-1.455193,-0.923814,1.371339
1.924652,1.164312,-1.720485,-0.032840
0.827371,-0.495877,0.879618,1.611023
-0.818216,-1.479340,-1.921200,-4.233249
-0.817257,1.441376,1.564923,6.577949
0.732689,0.991545,-1.221485,-0.302492
-0.582951,1.596933,1.945121,10.249381
-0.227781,1.103899,1.733787,6.482269
1.988009,-0.816975,0.616283,4.853695
-0.440082,-0.139666,-0.152326,0.209644
-0.885939,-1.923740,1.066126,5.697448
0.783870,1.362388,-1.386783,-0.196463
-1.051856,0.384520,1.746507,6.581604
-0.112902,-1.196690,0.378762,1.499152
1.830018,1.472302,1.595827,9.580673
-0.357912,-0.950821,1.482333,4.289307
1.152348,1.405509,-0.435092,3.220997
-0.855368,-1.038802,1.482481,5.068889
1.677689,-0.531343,1.498166,6.459599
-0.474429,-0.208365,0.265926,0.287304
-1.114796,-0.930202,-0.933395,1.294846
-0.959718,0.062083,-1.597993,-3.155691
1.121518,-1.300807,-0.224132,2.938642
0.567290,-1.447905,-0.363232,2.370323
0.252647,0.201234,1.570096,3.974929
1.140035,-1.516361,1.332894,5.967061
0.199174,0.712653,-1.360095,-1.968438
-0.112077,0.799663,1.189811,2.336378
1.223246,-1.131474,1.330903,5.133996
0.273709,0.674751,1.406209,3.310878
-0.378128,1.678550,1.525020,6.507229
1.230980,-0.480234,0.112827,1.747372
-1.307525,1.037497,1.563739,6.609798
-1.356622,0.978989,0.776682,3.267365
-1.853914,1.667706,-0.083407,6.217664
-0.923283,-1.879254,1.127378,5.816922
-0.648829,0.053976,-1.221043,-1.396617
0.427992,-0.411059,1.226402,2.196729
0.665324,0.886916,-0.995394,0.243029
-1.744593,1.519837,1.742601,10.645194
0.574009,1.687042,0.825178,3.737475
0.423288,-0.323798,-0.577557,0.091361
-0.041330,-1.110248,-0.289287,1.210148
0.030566,-1.875151,-0.425608,3.440030
-0.862176,0.536653,1.247119,2.970995
0.457765,0.655783,0.455607,0.734174
-0.975032,-0.494816,1.376797,3.805347
1.784096,-1.275194,-1.957697,-2.693903
1.845843,1.438434,0.430376,5.555945
1.267671,0.377040,1.619249,5.994766
-1.026618,-0.223474,0.682311,1.421534
-1.137477,0.859274,-0.950504,1.173463
0.840087,1.216864,-0.303291,2.158607
1.960445,0.525472,1.026331,5.200557
-1.917620,-1.548753,0.845947,6.681284
1.772462,0.512916,1.651375,7.908067
-1.763298,1.566598,1.509258,9.001329
0.515472,-0.282107,0.819792,0.896244
-1.024331,0.670585,0.777037,1.968102
0.159610,-0.959701,-1.991572,-6.952792
-1.216887,1.335102,-1.150902,1.738854
-1.702676,-1.013461,0.076691,3.926661
0.345095,1.508589,1.419025,5.252327
1.874960,1.537073,-0.198970,5.870191
-1.432484,1.823122,-1.084951,4.098666
0.488479,-0.942133,1.267300,3.161572
-1.196904,-0.316862,-1.121200,0.123530
1.442263,0.477691,0.523284,2.451600
-0.742011,-1.294033,1.429350,5.145322
1.058401,0.937782,1.988555,9.863094
0.238130,-1.285773,0.438163,1.794039
-0.850813,0.051756,-0.162707,0.722254
0.254110,1.685505,1.240803,4.815830
-0.339402,1.269331,1.442088,4.725386
1.095909,0.205554,1.597381,5.319190
-0.032156,-1.576179,-0.911500,1.728068
0.630052,-0.483494,-0.308722,0.601308
-0.391164,-1.231854,-1.625872,-2.627453
-1.803677,0.690030,-0.703560,3.381131
-0.172570,1.740773,0.506661,3.190135
1.242616,1.049316,1.814841,8.622605
-1.732718,-0.463433,1.798448,9.034006
-0.142267,1.791200,-1.260554,1.225621
-1.759017,1.581865,-0.354988,5.551705
0.033101,1.745103,-1.122283,1.632944
1.872788,-0.413800,-1.010327,2.647265
-1.065183,0.073795,-0.132136,1.137754
1.544402,-1.796792,-1.824097,-0.455733
-1.388861,0.422657,1.125378,3.532840
-0.080626,0.455022,0.570213,0.398947
-1.922820,-1.014894,1.991032,12.620117
-0.676849,1.786508,-0.030896,3.649706
-1.109774,-1.990339,-1.129798,3.750925
-0.713988,-0.242790,-0.211313,0.559290
0.193378,-0.103405,-1.868545,-6.475860
-0.932131,1.848076,-1.890340,-2.470663
0.936234,-0.094510,0.827691,1.452494
-0.669994,-0.519448,0.067120,0.719021
1.638634,-0.686447,-1.656545,-1.389462
-1.846973,1.526272,-0.745057,5.327229
-1.521897,0.385690,1.379581,5.090609
0.398189,-1.393153,-0.377070,2.045818
-0.934043,-1.933712,1.862741,11.075027
-0.163133,-1.461112,1.539623,5.811041
1.940520,1.264023,-0.985416,4.406486
-1.237829,0.100449,0.333988,1.579565
1.513606,1.868972,1.641548,10.207504
-0.631683,0.342397,-1.504574,-2.889712
0.075506,-1.716920,-1.554813,-0.805155
-1.512229,-0.794271,-0.761282,2.476503
0.820161,-1.695865,-1.555424,-0.214479
0.625282,0.691156,0.841748,1.465086
0.880557,0.651697,0.210374,1.209400
0.965449,-1.673889,-1.152755,2.202162
0.965813,-1.229791,0.123010,2.447044
-0.958794,-0.274900,1.336712,3.383290
0.642560,-0.219246,-0.905881,-0.282432
1.220074,0.628090,-0.240205,1.869218
1.477089,0.769842,1.922309,9.877902
0.657545,1.599605,0.201637,2.999302
0.840005,1.369726,-1.638171,-1.814448
-0.103107,0.422411,-1.768866,-5.345519
1.156896,0.862184,1.744943,7.394821
-0.511852,-0.123375,1.647578,4.749586
-0.354037,1.337407,-0.314364,1.882933
-0.648968,-0.890983,-1.146024,-0.290145
-0.274276,-1.353675,1.311942,4.165765
1.897722,-1.610242,-1.780723,0.547598
-1.985049,1.728253,-1.704783,1.972698
0.720720,-0.784654,-1.207117,-0.623810
-1.014657,0.758646,-1.928074,-5.562489
1.459269,0.271207,-1.057628,1.019983
-1.166646,0.618930,0.517323,1.882584
-0.727537,-0.663922,-0.146237,0.966975
1.641888,0.153231,1.360280,5.236289
0.563407,0.248452,-0.041360,0.379085
0.722515,-0.033888,0.903904,1.261704
-1.271747,-0.710741,1.492714,5.448550
-0.419095,1.372290,1.751823,7.434963
0.313874,-1.592544,1.027728,3.720226
0.663452,-0.836848,1.451915,4.201200
-0.069114,-1.771998,-1.728095,-2.015881
-1.086667,0.439331,1.260718,3.377656
-1.603835,-1.910768,0.490011,6.340981
-0.362143,-0.233484,1.282813,2.296673
1.676066,1.868960,1.116630,7.694492
-1.986941,-1.397975,0.349101,5.944815
1.821141,-1.674213,0.059741,6.119759
-0.414098,-0.372671,-0.925770,-0.483071
-0.916975,-1.046543,-1.587356,-2.063560
0.216281,-0.216210,0.851741,0.711429
0.559745,1.811192,-0.641522,3.329713
1.529964,-0.460925,0.642750,2.818780
1.219914,-0.412881,-0.215369,1.648671
0.525009,-1.556875,0.127043,2.701547
-1.620235,-1.100520,0.492232,3.955569
1.888657,1.997448,-0.957254,6.679655
-1.414728,0.074357,-0.234501,1.994088
-0.482262,1.073882,0.838757,1.975875
0.247305,0.485837,0.327417,0.332297
0.707498,1.711227,1.786673,9.132272
1.917982,1.438878,-1.581032,1.796976
-0.193308,1.126326,-0.822667,0.749214
0.426893,-1.779036,-1.185466,1.681237
-0.399118,-1.719227,-0.302690,3.087303
-1.079555,1.447099,-0.724752,2.878846
-0.477096,1.208117,0.238672,1.700764
-1.799652,-1.129691,0.443487,4.602173
-1.202542,-1.006750,0.491738,2.578558
-0.021659,-0.923596,0.236799,0.866776
0.534992,-1.842510,-0.904612,2.940794
-0.769158,1.514884,-1.794705,-2.894211
-0.611463,-1.221799,0.780562,2.342258
1.244937,-1.770251,1.453208,7.752559
0.783842,-1.132085,1.663331,6.497912
-0.827831,1.153860,-1.700162,-2.897703
-0.175804,0.023021,1.586343,4.023441
1.346103,0.185537,-1.793856,-3.926064
-0.280090,-0.498829,1.981978,8.112956
0.722876,-0.379776,-0.540736,0.508670
1.070317,-1.616881,1.268071,5.798948
