-3.970126,12.265188
-3.958569,12.166191
-3.957878,12.171723
-3.905648,12.079261
-3.885830,12.247823
-3.838275,11.983482
-3.831397,11.873774
-3.798425,11.710968
-3.786381,11.671545
-3.757689,11.932801
-3.757198,11.767119
-3.714558,11.589697
-3.695542,11.477494
-3.688113,11.343408
-3.682509,11.484881
-3.648464,11.535228
-3.626782,11.287067
-3.594368,11.224126
-3.594323,11.224936
-3.525987,11.086782
-3.505077,10.773157
-3.486304,10.924194
-3.450277,10.729515
-3.379627,10.787235
-3.349902,10.452094
-3.347748,10.647917
-3.268035,10.552726
-3.230035,10.161705
-3.226367,10.107304
-3.225538,10.223721
-3.191208,10.089140
-3.100754,9.656628
-3.098264,9.866881
-3.094360,10.087630
-3.016863,9.496478
-2.994068,9.430066
-2.966896,9.214056
-2.954526,9.377583
-2.951368,9.132164
-2.947073,9.138863
-2.934347,9.454349
-2.930230,9.112800
-2.905888,9.328995
-2.836320,9.158541
-2.798402,8.837798
-2.793696,8.865561
-2.791502,9.067762
-2.764311,8.650539
-2.718304,8.429123
-2.707901,8.278222
-2.671911,8.359234
-2.564752,8.187227
-2.555580,8.075739
-2.528885,7.692503
-2.525838,7.694299
-2.502853,7.662206
-2.499973,7.771029
-2.473294,7.597550
-2.469979,7.648202
-2.460783,7.626364
-2.460292,7.535211
-2.421739,7.430190
-2.411831,7.430119
-2.395146,7.323980
-2.376706,7.342815
-2.296734,7.245801
-2.282590,7.000290
-2.279968,6.909908
-2.279538,6.646986
-2.277530,6.950473
-2.198342,6.298673
-2.188612,6.342169
-2.084086,6.281996
-2.083488,6.257447
-2.020723,5.888970
-2.019881,5.651739
-2.011442,5.820294
-1.992006,5.699963
-1.977851,5.843285
-1.977804,6.086239
-1.961043,5.716219
-1.870102,5.221458
-1.859206,5.121595
-1.846046,5.239102
-1.827803,5.152286
-1.772595,4.799183
-1.602449,4.364670
-1.598670,4.160975
-1.596639,4.493125
-1.575741,4.410765
-1.548715,4.317814
-1.546724,4.076930
-1.515438,4.114796
-1.490228,3.929618
-1.455974,3.772469
-1.422694,3.666033
-1.415709,3.498227
-1.382654,3.365219
-1.361182,3.629389
-1.338548,3.406839
-1.290719,3.312583
-1.279455,3.394286
-1.246315,2.879045
-1.231508,2.975056
-1.156690,2.890522
-1.109888,2.785215
-1.094984,2.626814
-1.043710,2.693006
-1.034138,2.543745
-1.026208,2.308413
-1.022518,2.340719
-0.997008,2.532198
-0.989697,2.461439
-0.985170,2.094977
-0.965443,2.530092
-0.964431,2.414998
-0.955322,2.503129
-0.898946,2.101625
-0.839846,1.973160
-0.813796,1.788674
-0.780014,2.262942
-0.712358,1.713763
-0.707865,1.969164
-0.706831,1.631863
-0.648771,1.641374
-0.586804,1.256037
-0.574238,1.428232
-0.560025,1.609894
-0.521493,1.214063
-0.477492,1.498533
-0.444174,1.343300
-0.439390,1.129916
-0.347920,1.105116
-0.340594,1.104030
-0.273280,1.104131
-0.270352,1.028769
-0.258158,0.975506
-0.256520,1.052656
-0.166428,0.887450
-0.025013,0.807509
0.036386,0.994759
0.062178,1.138229
0.078326,0.779794
0.104029,1.016749
0.112941,0.921627
0.119111,0.874692
0.124181,1.151127
0.150210,0.956077
0.152788,1.259716
0.156119,0.919534
0.169329,1.100915
0.186433,1.017943
0.189921,0.940893
0.288960,1.212819
0.307171,1.117544
0.316173,1.239600
0.329151,1.154442
0.381082,1.053213
0.418612,1.244999
0.427979,1.279763
0.509678,1.527852
0.536447,1.288887
0.557554,1.452430
0.557753,1.200370
0.586662,1.604223
0.589129,1.348465
0.595158,1.250033
0.632437,1.577926
0.645223,1.776078
0.719934,1.526786
0.722328,1.597136
0.723103,1.650436
0.757479,1.664322
0.785473,1.951289
0.830232,1.874129
0.840450,1.910696
0.874674,2.187529
0.886006,2.014156
0.900317,2.227479
0.959388,2.166462
0.977434,2.177564
1.000764,2.146128
1.012895,2.733344
1.024807,2.438548
1.027696,2.531083
1.033810,2.506627
1.036977,2.544006
1.055638,2.579293
1.081809,2.931925
1.103973,2.553435
1.110000,2.493107
1.117737,2.597439
1.132574,2.592494
1.156173,2.974722
1.206460,3.138170
1.257951,3.031490
1.262086,2.980204
1.264209,3.142278
1.274200,3.435928
1.289532,2.853369
1.297718,3.381636
1.299570,3.147251
1.374121,3.709341
1.393608,3.456858
1.411602,3.636452
1.411770,3.453890
1.422990,3.571323
1.469475,4.085258
1.536257,4.234065
1.687052,4.594812
1.736687,4.707778
1.767782,4.669885
1.776379,4.926987
1.806795,5.095248
1.818598,5.131589
1.839914,5.210335
1.934168,5.413085
1.942139,5.601746
1.986653,5.775540
2.010599,6.066362
2.021857,6.195804
2.023820,5.902748
2.059679,5.945473
2.105448,6.225790
2.112241,6.170386
2.121979,6.187423
2.134873,6.339316
2.205486,6.461442
2.211788,6.732901
2.216926,6.645996
2.341295,7.171320
2.344189,7.117305
2.376555,7.157633
2.377015,7.126257
2.379665,7.242826
2.396296,7.258576
2.413315,7.439775
2.416293,7.415171
2.428102,7.255656
2.448313,7.545496
2.484215,7.467426
2.492699,7.607809
2.521774,7.763488
2.522050,7.497366
2.530705,7.854238
2.569827,8.006548
2.591084,8.037671
2.606134,8.052390
2.640382,8.183770
2.644420,8.107868
2.662354,8.278304
2.721351,8.445963
2.744201,8.623218
2.760595,8.486409
2.777202,8.760446
2.832073,8.936760
2.902474,9.134037
2.938187,9.209360
2.970715,9.466297
2.982474,9.172619
2.988428,9.511004
2.992616,9.492179
3.009750,9.554448
3.021531,9.607924
3.025503,9.465325
3.042657,9.580182
3.060966,9.773817
3.071380,9.776355
3.072455,9.746219
3.143582,9.713902
3.172324,10.111559
3.172694,10.207447
3.177710,10.199068
3.231334,10.247794
3.251139,10.039312
3.273435,10.481711
3.306839,10.418259
3.323715,10.110586
3.325083,10.551097
3.337342,10.306905
3.382077,10.467201
3.423245,10.685256
3.467355,11.096978
3.506730,10.961101
3.513440,11.076094
3.558436,11.422172
3.559585,11.402240
3.584992,11.217179
3.607506,11.257644
3.616316,11.128578
3.680567,11.385590
3.690807,11.580701
3.737186,11.698270
3.742624,11.669660
3.772486,11.880046
3.829983,11.763069
3.843158,11.904186
3.911681,12.196009
3.964002,12.305194
3.974169,12.403597
